Category,Description
ACCOUNTANT,"We are seeking a detail-oriented Accountant to manage financial records and ensure regulatory compliance. Responsibilities include preparing financial statements, reconciling accounts, and maintaining ledgers in accordance with GAAP. The ideal candidate has experience with bookkeeping, budgeting, tax preparation, and auditing. Proficiency in Excel and accounting software such as QuickBooks is required. Strong attention to detail and analytical skills are essential for this role."
ADVOCATE,"We are looking for a skilled Advocate to represent clients in legal matters and provide sound legal counsel. Duties include conducting legal research, drafting contracts and pleadings, and representing clients in court proceedings. The candidate should have strong litigation experience, case management skills, and the ability to negotiate on behalf of clients. Excellent legal writing and client counseling abilities are required. A law degree and bar admission are mandatory."
AGRICULTURE,"We are hiring an Agriculture professional to oversee farm operations and crop management. Responsibilities include soil analysis, irrigation planning, pesticide application, and livestock management. The ideal candidate has knowledge of sustainable farming practices, agronomy, and farm equipment operation. Experience in yield optimization and seasonal planning is a plus. Strong problem-solving skills and hands-on field experience are required."
APPAREL,"We are seeking an Apparel professional with expertise in fashion design and garment production. Responsibilities include pattern making, garment construction, and quality control across the production line. The candidate should be skilled in textile selection, trend forecasting, and merchandising. Proficiency with Adobe Illustrator and CAD-based design tools is preferred. Strong creativity combined with attention to manufacturing detail is essential."
ARTS,"We are looking for a talented Arts professional to create original visual work and manage creative projects. Responsibilities include illustration, portfolio development, and exhibition curation. The ideal candidate has strong visual communication skills and proficiency with Adobe Creative Suite. Experience with traditional media such as painting or sculpture is a plus. A strong creative portfolio demonstrating range and technical skill is required."
AUTOMOBILE,"We are hiring an Automobile technician to perform vehicle diagnostics, repair, and maintenance. Responsibilities include engine system troubleshooting, safety inspections, and routine servicing. The candidate should have hands-on experience with automotive diagnostic tools and mechanical repair. Knowledge of dealership operations and customer service is a plus. ASE certification or equivalent hands-on experience is preferred."
AVIATION,"We are seeking an Aviation professional to support flight operations and ensure regulatory compliance. Responsibilities include aircraft maintenance coordination, adherence to FAA safety regulations, and air traffic procedure support. The ideal candidate has experience in aviation logistics and crew coordination. Strong attention to safety protocols and regulatory documentation is essential. Relevant aviation certification is required."
BANKING,"We are looking for a Banking professional to manage financial services and client accounts. Responsibilities include loan processing, credit risk assessment, and regulatory compliance reporting. The candidate should have experience with customer relationship management and financial analysis. Strong knowledge of banking regulations and lending procedures is required. Excellent interpersonal and analytical skills are essential."
BPO,"We are hiring a BPO professional to manage customer service operations in a call center environment. Responsibilities include handling client inquiries, managing CRM software, and meeting KPI targets. The ideal candidate has strong communication skills and the ability to multitask under pressure. Experience in process outsourcing and quality assurance monitoring is a plus. A customer-first attitude is essential."
BUSINESS-DEVELOPMENT,"We are seeking a Business Development professional to drive growth through new partnerships and sales strategy. Responsibilities include lead generation, market research, and relationship management with prospective clients. The candidate should be proficient in CRM tools and skilled in negotiation. A proven track record of revenue growth and partnership building is required. Strong presentation and communication skills are essential."
CHEF,"We are looking for an experienced Chef to lead kitchen operations and menu development. Responsibilities include recipe development, food safety compliance, and inventory management. The ideal candidate has strong culinary technique and kitchen management experience. Cost control and staff supervision skills are a plus. Formal culinary training or equivalent professional experience is preferred."
CONSTRUCTION,"We are hiring a Construction professional to manage on-site building projects. Responsibilities include blueprint reading, site supervision, and ensuring compliance with building codes and safety regulations. The candidate should have experience in project scheduling, budgeting, and subcontractor coordination. Strong organizational and leadership skills are required. Relevant certification in construction management is a plus."
CONSULTANT,"We are seeking a Consultant to provide strategic guidance and support client problem-solving initiatives. Responsibilities include conducting industry research, developing recommendations, and managing client relationships. The ideal candidate has strong analytical and presentation skills along with project management experience. Excellent stakeholder communication and adaptability across industries are essential."
DESIGNER,"We are looking for a creative Designer to develop visual concepts for digital and print media. Responsibilities include graphic design, branding, and UI/UX design work. The candidate should be proficient in Adobe Photoshop, Illustrator, and wireframing tools. Strong typography and creative direction skills are a plus. A portfolio showcasing design range is required."
DIGITAL-MEDIA,"We are hiring a Digital Media specialist to manage online content and marketing campaigns. Responsibilities include social media strategy, SEO optimization, and content creation. The candidate should have experience with analytics tools, video editing, and digital advertising platforms. Strong campaign management and creative storytelling skills are required."
ENGINEERING,"We are seeking an Engineer to design, test, and improve technical systems. Responsibilities include using CAD software, conducting quality assurance testing, and applying engineering principles to solve technical problems. The ideal candidate has strong project management skills and experience with validation and testing procedures. A relevant engineering degree is required."
FINANCE,"We are looking for a Finance professional to support financial planning and analysis. Responsibilities include financial modeling, budgeting, forecasting, and risk management. The candidate should be proficient in Excel and financial reporting tools. Strong analytical skills and experience interpreting financial statements are required. A finance-related degree is preferred."
FITNESS,"We are hiring a Fitness professional to design and deliver personal training and group exercise programs. Responsibilities include client assessment, exercise programming, and nutrition guidance. The ideal candidate holds a personal training certification and has experience with group fitness instruction. Strong motivational and communication skills are essential."
HEALTHCARE,"We are seeking a Healthcare professional to provide patient care and support clinical operations. Responsibilities include following clinical procedures, maintaining electronic health records, and ensuring HIPAA compliance. The candidate should have strong medical terminology knowledge and healthcare administration experience. Excellent attention to detail and patient communication skills are required."
HR,"We are hiring an HR professional to manage recruitment, employee relations, and workforce administration. Responsibilities include onboarding new hires, managing HRIS systems, and overseeing performance management processes. The ideal candidate has experience with benefits administration and conflict resolution. Strong interpersonal skills and knowledge of employment compliance are essential."
INFORMATION-TECHNOLOGY,"We are seeking an Information Technology professional to develop and maintain software systems. Responsibilities include programming, database management, and network troubleshooting. The candidate should have experience with cloud computing platforms and system administration. Knowledge of cybersecurity best practices is a plus. Strong problem-solving and technical documentation skills are required."
PUBLIC-RELATIONS,"We are looking for a Public Relations specialist to manage brand messaging and media relations. Responsibilities include writing press releases, developing communication strategies, and managing crisis response. The candidate should have experience with social media management and event planning. Strong writing and stakeholder communication skills are essential."
SALES,"We are hiring a Sales professional to manage the full sales pipeline and drive revenue growth. Responsibilities include prospecting new clients, negotiating deals, and managing relationships using CRM software. The ideal candidate has a proven track record of meeting sales quotas. Strong closing and relationship-building skills are required."
TEACHER,"We are seeking a Teacher to plan and deliver engaging classroom instruction. Responsibilities include lesson planning, curriculum development, and student assessment. The candidate should have experience with classroom management and differentiated instruction techniques. Strong communication skills and a relevant teaching credential are required."
